Character,Count,Unicode,FontSize,FontWebName,Width,Height,ImagePath,ForegroundColor,BackgroundColor,TextAlignment,CalculatedWidth,CalculatedHeight
ء,126237,1569,12,JameelNooriNastaleeq,32,32,./CharacterImages/Nastaleeq/Size_12/Batch_0/Character_1569.jpg,Black,White,Center,10,30
آ,490267,1570,12,JameelNooriNastaleeq,32,32,./CharacterImages/Nastaleeq/Size_12/Batch_0/Character_1570.jpg,Black,White,Center,11,30
ا,33058109,1575,12,JameelNooriNastaleeq,32,32,./CharacterImages/Nastaleeq/Size_12/Batch_0/Character_1575.jpg,Black,White,Center,8,30
ب,6713577,1576,12,JameelNooriNastaleeq,32,32,./CharacterImages/Nastaleeq/Size_12/Batch_0/Character_1576.jpg,Black,White,Center,19,30
ت,8539383,1578,12,JameelNooriNastaleeq,32,32,./CharacterImages/Nastaleeq/Size_12/Batch_0/Character_1578.jpg,Black,White,Center,19,30
ث,306706,1579,12,JameelNooriNastaleeq,32,32,./CharacterImages/Nastaleeq/Size_12/Batch_0/Character_1579.jpg,Black,White,Center,19,30
ج,3996654,1580,12,JameelNooriNastaleeq,32,32,./CharacterImages/Nastaleeq/Size_12/Batch_0/Character_1580.jpg,Black,White,Center,15,30
ح,2214477,1581,12,JameelNooriNastaleeq,32,32,./CharacterImages/Nastaleeq/Size_12/Batch_0/Character_1581.jpg,Black,White,Center,15,30
خ,1904329,1582,12,JameelNooriNastaleeq,32,32,./CharacterImages/Nastaleeq/Size_12/Batch_0/Character_1582.jpg,Black,White,Center,16,30
د,6790208,1583,12,JameelNooriNastaleeq,32,32,./CharacterImages/Nastaleeq/Size_12/Batch_0/Character_1583.jpg,Black,White,Center,10,30
ذ,283825,1584,12,JameelNooriNastaleeq,32,32,./CharacterImages/Nastaleeq/Size_12/Batch_0/Character_1584.jpg,Black,White,Center,10,30
ر,18666015,1585,12,JameelNooriNastaleeq,32,32,./CharacterImages/Nastaleeq/Size_12/Batch_0/Character_1585.jpg,Black,White,Center,11,30
ز,2669947,1586,12,JameelNooriNastaleeq,32,32,./CharacterImages/Nastaleeq/Size_12/Batch_0/Character_1586.jpg,Black,White,Center,11,30
س,9184890,1587,12,JameelNooriNastaleeq,32,32,./CharacterImages/Nastaleeq/Size_12/Batch_0/Character_1587.jpg,Black,White,Center,18,30
ش,2899969,1588,12,JameelNooriNastaleeq,32,32,./CharacterImages/Nastaleeq/Size_12/Batch_0/Character_1588.jpg,Black,White,Center,18,30
ص,1410806,1589,12,JameelNooriNastaleeq,32,32,./CharacterImages/Nastaleeq/Size_12/Batch_0/Character_1589.jpg,Black,White,Center,19,30
ض,504649,1590,12,JameelNooriNastaleeq,32,32,./CharacterImages/Nastaleeq/Size_12/Batch_0/Character_1590.jpg,Black,White,Center,19,30
ط,956066,1591,12,JameelNooriNastaleeq,32,32,./CharacterImages/Nastaleeq/Size_12/Batch_0/Character_1591.jpg,Black,White,Center,13,30
ظ,531900,1592,12,JameelNooriNastaleeq,32,32,./CharacterImages/Nastaleeq/Size_12/Batch_0/Character_1592.jpg,Black,White,Center,13,30
ع,3108657,1593,12,JameelNooriNastaleeq,32,32,./CharacterImages/Nastaleeq/Size_12/Batch_0/Character_1593.jpg,Black,White,Center,15,30
غ,389485,1594,12,JameelNooriNastaleeq,32,32,./CharacterImages/Nastaleeq/Size_12/Batch_0/Character_1594.jpg,Black,White,Center,15,30
ف,3170845,1601,12,JameelNooriNastaleeq,32,32,./CharacterImages/Nastaleeq/Size_12/Batch_0/Character_1601.jpg,Black,White,Center,19,30
ق,2695504,1602,12,JameelNooriNastaleeq,32,32,./CharacterImages/Nastaleeq/Size_12/Batch_0/Character_1602.jpg,Black,White,Center,15,30
ك,5434,1603,12,JameelNooriNastaleeq,32,32,./CharacterImages/Nastaleeq/Size_12/Batch_0/Character_1603.jpg,Black,White,Center,19,30
ل,9757316,1604,12,JameelNooriNastaleeq,32,32,./CharacterImages/Nastaleeq/Size_12/Batch_0/Character_1604.jpg,Black,White,Center,15,30
م,13145521,1605,12,JameelNooriNastaleeq,32,32,./CharacterImages/Nastaleeq/Size_12/Batch_0/Character_1605.jpg,Black,White,Center,13,30
ن,14644153,1606,12,JameelNooriNastaleeq,32,32,./CharacterImages/Nastaleeq/Size_12/Batch_0/Character_1606.jpg,Black,White,Center,16,30
ه,2049,1607,12,JameelNooriNastaleeq,32,32,./CharacterImages/Nastaleeq/Size_12/Batch_0/Character_1607.jpg,Black,White,Center,10,30
و,15446671,1608,12,JameelNooriNastaleeq,32,32,./CharacterImages/Nastaleeq/Size_12/Batch_0/Character_1608.jpg,Black,White,Center,10,30
ى,0,1609,12,JameelNooriNastaleeq,32,32,./CharacterImages/Nastaleeq/Size_12/Batch_0/Character_1609.jpg,Black,White,Center,15,30
ٹ,3308239,1657,12,JameelNooriNastaleeq,32,32,./CharacterImages/Nastaleeq/Size_12/Batch_0/Character_1657.jpg,Black,White,Center,19,30
پ,4784591,1662,12,JameelNooriNastaleeq,32,32,./CharacterImages/Nastaleeq/Size_12/Batch_0/Character_1662.jpg,Black,White,Center,19,30
چ,1481519,1670,12,JameelNooriNastaleeq,32,32,./CharacterImages/Nastaleeq/Size_12/Batch_0/Character_1670.jpg,Black,White,Center,16,30
ڈ,1499695,1672,12,JameelNooriNastaleeq,32,32,./CharacterImages/Nastaleeq/Size_12/Batch_0/Character_1672.jpg,Black,White,Center,11,30
ډ,0,1673,12,JameelNooriNastaleeq,32,32,./CharacterImages/Nastaleeq/Size_12/Batch_0/Character_1673.jpg,Black,White,Center,12,30
ڎ,0,1678,12,JameelNooriNastaleeq,32,32,./CharacterImages/Nastaleeq/Size_12/Batch_0/Character_1678.jpg,Black,White,Center,12,30
ڑ,545371,1681,12,JameelNooriNastaleeq,32,32,./CharacterImages/Nastaleeq/Size_12/Batch_0/Character_1681.jpg,Black,White,Center,11,30
ژ,26556,1688,12,JameelNooriNastaleeq,32,32,./CharacterImages/Nastaleeq/Size_12/Batch_0/Character_1688.jpg,Black,White,Center,12,30
ک,18219702,1705,12,JameelNooriNastaleeq,32,32,./CharacterImages/Nastaleeq/Size_12/Batch_0/Character_1705.jpg,Black,White,Center,19,30
ڪ,0,1706,12,JameelNooriNastaleeq,32,32,./CharacterImages/Nastaleeq/Size_12/Batch_0/Character_1706.jpg,Black,White,Center,12,30
گ,3448530,1711,12,JameelNooriNastaleeq,32,32,./CharacterImages/Nastaleeq/Size_12/Batch_0/Character_1711.jpg,Black,White,Center,20,30
ں,5549183,1722,12,JameelNooriNastaleeq,32,32,./CharacterImages/Nastaleeq/Size_12/Batch_0/Character_1722.jpg,Black,White,Center,16,30
ھ,2887905,1726,12,JameelNooriNastaleeq,32,32,./CharacterImages/Nastaleeq/Size_12/Batch_0/Character_1726.jpg,Black,White,Center,14,30
ہ,11608774,1729,12,JameelNooriNastaleeq,32,32,./CharacterImages/Nastaleeq/Size_12/Batch_0/Character_1729.jpg,Black,White,Center,10,30
ی,27309693,1740,12,JameelNooriNastaleeq,32,32,./CharacterImages/Nastaleeq/Size_12/Batch_0/Character_1740.jpg,Black,White,Center,15,30
ے,12499420,1746,12,JameelNooriNastaleeq,32,32,./CharacterImages/Nastaleeq/Size_12/Batch_0/Character_1746.jpg,Black,White,Center,21,30
ە,338,1749,12,JameelNooriNastaleeq,32,32,./CharacterImages/Nastaleeq/Size_12/Batch_0/Character_1749.jpg,Black,White,Center,11,30
ﺍ,0,65165,12,JameelNooriNastaleeq,32,32,./CharacterImages/Nastaleeq/Size_12/Batch_0/Character_65165.jpg,Black,White,Center,10,30
ﺎ,0,65166,12,JameelNooriNastaleeq,32,32,./CharacterImages/Nastaleeq/Size_12/Batch_0/Character_65166.jpg,Black,White,Center,10,30
ﺏ,0,65167,12,JameelNooriNastaleeq,32,32,./CharacterImages/Nastaleeq/Size_12/Batch_0/Character_65167.jpg,Black,White,Center,19,30
ﺐ,0,65168,12,JameelNooriNastaleeq,32,32,./CharacterImages/Nastaleeq/Size_12/Batch_0/Character_65168.jpg,Black,White,Center,19,30
ﺑ,0,65169,12,JameelNooriNastaleeq,32,32,./CharacterImages/Nastaleeq/Size_12/Batch_0/Character_65169.jpg,Black,White,Center,10,30
ﺒ,0,65170,12,JameelNooriNastaleeq,32,32,./CharacterImages/Nastaleeq/Size_12/Batch_0/Character_65170.jpg,Black,White,Center,10,30
ﺓ,0,65171,12,JameelNooriNastaleeq,32,32,./CharacterImages/Nastaleeq/Size_12/Batch_0/Character_65171.jpg,Black,White,Center,11,30
ﺔ,0,65172,12,JameelNooriNastaleeq,32,32,./CharacterImages/Nastaleeq/Size_12/Batch_0/Character_65172.jpg,Black,White,Center,13,30
ﺕ,0,65173,12,JameelNooriNastaleeq,32,32,./CharacterImages/Nastaleeq/Size_12/Batch_0/Character_65173.jpg,Black,White,Center,19,30
ﺖ,0,65174,12,JameelNooriNastaleeq,32,32,./CharacterImages/Nastaleeq/Size_12/Batch_0/Character_65174.jpg,Black,White,Center,19,30
ﺗ,0,65175,12,JameelNooriNastaleeq,32,32,./CharacterImages/Nastaleeq/Size_12/Batch_0/Character_65175.jpg,Black,White,Center,10,30
ﺘ,0,65176,12,JameelNooriNastaleeq,32,32,./CharacterImages/Nastaleeq/Size_12/Batch_0/Character_65176.jpg,Black,White,Center,10,30
ﺙ,0,65177,12,JameelNooriNastaleeq,32,32,./CharacterImages/Nastaleeq/Size_12/Batch_0/Character_65177.jpg,Black,White,Center,19,30
ﺚ,0,65178,12,JameelNooriNastaleeq,32,32,./CharacterImages/Nastaleeq/Size_12/Batch_0/Character_65178.jpg,Black,White,Center,19,30
ﺛ,0,65179,12,JameelNooriNastaleeq,32,32,./CharacterImages/Nastaleeq/Size_12/Batch_0/Character_65179.jpg,Black,White,Center,10,30
ﺜ,0,65180,12,JameelNooriNastaleeq,32,32,./CharacterImages/Nastaleeq/Size_12/Batch_0/Character_65180.jpg,Black,White,Center,10,30
ﺝ,0,65181,12,JameelNooriNastaleeq,32,32,./CharacterImages/Nastaleeq/Size_12/Batch_0/Character_65181.jpg,Black,White,Center,16,30
ﺞ,0,65182,12,JameelNooriNastaleeq,32,32,./CharacterImages/Nastaleeq/Size_12/Batch_0/Character_65182.jpg,Black,White,Center,16,30
ﺟ,0,65183,12,JameelNooriNastaleeq,32,32,./CharacterImages/Nastaleeq/Size_12/Batch_0/Character_65183.jpg,Black,White,Center,16,30
ﺠ,0,65184,12,JameelNooriNastaleeq,32,32,./CharacterImages/Nastaleeq/Size_12/Batch_0/Character_65184.jpg,Black,White,Center,16,30
ﺡ,0,65185,12,JameelNooriNastaleeq,32,32,./CharacterImages/Nastaleeq/Size_12/Batch_0/Character_65185.jpg,Black,White,Center,16,30
ﺢ,0,65186,12,JameelNooriNastaleeq,32,32,./CharacterImages/Nastaleeq/Size_12/Batch_0/Character_65186.jpg,Black,White,Center,16,30
ﺣ,0,65187,12,JameelNooriNastaleeq,32,32,./CharacterImages/Nastaleeq/Size_12/Batch_0/Character_65187.jpg,Black,White,Center,16,30
ﺤ,0,65188,12,JameelNooriNastaleeq,32,32,./CharacterImages/Nastaleeq/Size_12/Batch_0/Character_65188.jpg,Black,White,Center,16,30
ﺥ,0,65189,12,JameelNooriNastaleeq,32,32,./CharacterImages/Nastaleeq/Size_12/Batch_0/Character_65189.jpg,Black,White,Center,16,30
ﺦ,0,65190,12,JameelNooriNastaleeq,32,32,./CharacterImages/Nastaleeq/Size_12/Batch_0/Character_65190.jpg,Black,White,Center,16,30
ﺧ,0,65191,12,JameelNooriNastaleeq,32,32,./CharacterImages/Nastaleeq/Size_12/Batch_0/Character_65191.jpg,Black,White,Center,16,30
ﺨ,0,65192,12,JameelNooriNastaleeq,32,32,./CharacterImages/Nastaleeq/Size_12/Batch_0/Character_65192.jpg,Black,White,Center,16,30
ﺩ,0,65193,12,JameelNooriNastaleeq,32,32,./CharacterImages/Nastaleeq/Size_12/Batch_0/Character_65193.jpg,Black,White,Center,12,30
ﺪ,0,65194,12,JameelNooriNastaleeq,32,32,./CharacterImages/Nastaleeq/Size_12/Batch_0/Character_65194.jpg,Black,White,Center,12,30
ﺫ,0,65195,12,JameelNooriNastaleeq,32,32,./CharacterImages/Nastaleeq/Size_12/Batch_0/Character_65195.jpg,Black,White,Center,12,30
ﺬ,0,65196,12,JameelNooriNastaleeq,32,32,./CharacterImages/Nastaleeq/Size_12/Batch_0/Character_65196.jpg,Black,White,Center,12,30
ﺭ,0,65197,12,JameelNooriNastaleeq,32,32,./CharacterImages/Nastaleeq/Size_12/Batch_0/Character_65197.jpg,Black,White,Center,15,30
ﺮ,0,65198,12,JameelNooriNastaleeq,32,32,./CharacterImages/Nastaleeq/Size_12/Batch_0/Character_65198.jpg,Black,White,Center,15,30
ﺯ,0,65199,12,JameelNooriNastaleeq,32,32,./CharacterImages/Nastaleeq/Size_12/Batch_0/Character_65199.jpg,Black,White,Center,15,30
ﺰ,0,65200,12,JameelNooriNastaleeq,32,32,./CharacterImages/Nastaleeq/Size_12/Batch_0/Character_65200.jpg,Black,White,Center,15,30
ﺱ,0,65201,12,JameelNooriNastaleeq,32,32,./CharacterImages/Nastaleeq/Size_12/Batch_0/Character_65201.jpg,Black,White,Center,21,30
ﺲ,0,65202,12,JameelNooriNastaleeq,32,32,./CharacterImages/Nastaleeq/Size_12/Batch_0/Character_65202.jpg,Black,White,Center,21,30
ﺳ,0,65203,12,JameelNooriNastaleeq,32,32,./CharacterImages/Nastaleeq/Size_12/Batch_0/Character_65203.jpg,Black,White,Center,17,30
ﺴ,0,65204,12,JameelNooriNastaleeq,32,32,./CharacterImages/Nastaleeq/Size_12/Batch_0/Character_65204.jpg,Black,White,Center,17,30
ﺵ,0,65205,12,JameelNooriNastaleeq,32,32,./CharacterImages/Nastaleeq/Size_12/Batch_0/Character_65205.jpg,Black,White,Center,21,30
ﺶ,0,65206,12,JameelNooriNastaleeq,32,32,./CharacterImages/Nastaleeq/Size_12/Batch_0/Character_65206.jpg,Black,White,Center,21,30
ﺷ,0,65207,12,JameelNooriNastaleeq,32,32,./CharacterImages/Nastaleeq/Size_12/Batch_0/Character_65207.jpg,Black,White,Center,17,30
ﺸ,0,65208,12,JameelNooriNastaleeq,32,32,./CharacterImages/Nastaleeq/Size_12/Batch_0/Character_65208.jpg,Black,White,Center,17,30
ﺹ,0,65209,12,JameelNooriNastaleeq,32,32,./CharacterImages/Nastaleeq/Size_12/Batch_0/Character_65209.jpg,Black,White,Center,26,30
ﺺ,0,65210,12,JameelNooriNastaleeq,32,32,./CharacterImages/Nastaleeq/Size_12/Batch_0/Character_65210.jpg,Black,White,Center,26,30
ﺻ,0,65211,12,JameelNooriNastaleeq,32,32,./CharacterImages/Nastaleeq/Size_12/Batch_0/Character_65211.jpg,Black,White,Center,21,30
ﺼ,0,65212,12,JameelNooriNastaleeq,32,32,./CharacterImages/Nastaleeq/Size_12/Batch_0/Character_65212.jpg,Black,White,Center,21,30
ﺽ,0,65213,12,JameelNooriNastaleeq,32,32,./CharacterImages/Nastaleeq/Size_12/Batch_0/Character_65213.jpg,Black,White,Center,26,30
ﺾ,0,65214,12,JameelNooriNastaleeq,32,32,./CharacterImages/Nastaleeq/Size_12/Batch_0/Character_65214.jpg,Black,White,Center,26,30
ﺿ,0,65215,12,JameelNooriNastaleeq,32,32,./CharacterImages/Nastaleeq/Size_12/Batch_0/Character_65215.jpg,Black,White,Center,21,30
ﻀ,0,65216,12,JameelNooriNastaleeq,32,32,./CharacterImages/Nastaleeq/Size_12/Batch_0/Character_65216.jpg,Black,White,Center,21,30
ﻁ,0,65217,12,JameelNooriNastaleeq,32,32,./CharacterImages/Nastaleeq/Size_12/Batch_0/Character_65217.jpg,Black,White,Center,16,30
ﻂ,0,65218,12,JameelNooriNastaleeq,32,32,./CharacterImages/Nastaleeq/Size_12/Batch_0/Character_65218.jpg,Black,White,Center,16,30
ﻃ,0,65219,12,JameelNooriNastaleeq,32,32,./CharacterImages/Nastaleeq/Size_12/Batch_0/Character_65219.jpg,Black,White,Center,16,30
ﻄ,0,65220,12,JameelNooriNastaleeq,32,32,./CharacterImages/Nastaleeq/Size_12/Batch_0/Character_65220.jpg,Black,White,Center,16,30
ﻅ,0,65221,12,JameelNooriNastaleeq,32,32,./CharacterImages/Nastaleeq/Size_12/Batch_0/Character_65221.jpg,Black,White,Center,16,30
ﻆ,0,65222,12,JameelNooriNastaleeq,32,32,./CharacterImages/Nastaleeq/Size_12/Batch_0/Character_65222.jpg,Black,White,Center,16,30
ﻇ,0,65223,12,JameelNooriNastaleeq,32,32,./CharacterImages/Nastaleeq/Size_12/Batch_0/Character_65223.jpg,Black,White,Center,16,30
ﻈ,0,65224,12,JameelNooriNastaleeq,32,32,./CharacterImages/Nastaleeq/Size_12/Batch_0/Character_65224.jpg,Black,White,Center,16,30
ﻉ,0,65225,12,JameelNooriNastaleeq,32,32,./CharacterImages/Nastaleeq/Size_12/Batch_0/Character_65225.jpg,Black,White,Center,16,30
ﻊ,0,65226,12,JameelNooriNastaleeq,32,32,./CharacterImages/Nastaleeq/Size_12/Batch_0/Character_65226.jpg,Black,White,Center,14,30
ﻋ,0,65227,12,JameelNooriNastaleeq,32,32,./CharacterImages/Nastaleeq/Size_12/Batch_0/Character_65227.jpg,Black,White,Center,16,30
ﻌ,0,65228,12,JameelNooriNastaleeq,32,32,./CharacterImages/Nastaleeq/Size_12/Batch_0/Character_65228.jpg,Black,White,Center,13,30
ﻍ,0,65229,12,JameelNooriNastaleeq,32,32,./CharacterImages/Nastaleeq/Size_12/Batch_0/Character_65229.jpg,Black,White,Center,16,30
ﻎ,0,65230,12,JameelNooriNastaleeq,32,32,./CharacterImages/Nastaleeq/Size_12/Batch_0/Character_65230.jpg,Black,White,Center,14,30
ﻏ,0,65231,12,JameelNooriNastaleeq,32,32,./CharacterImages/Nastaleeq/Size_12/Batch_0/Character_65231.jpg,Black,White,Center,16,30
ﻐ,0,65232,12,JameelNooriNastaleeq,32,32,./CharacterImages/Nastaleeq/Size_12/Batch_0/Character_65232.jpg,Black,White,Center,13,30
ﻑ,0,65233,12,JameelNooriNastaleeq,32,32,./CharacterImages/Nastaleeq/Size_12/Batch_0/Character_65233.jpg,Black,White,Center,20,30
ﻒ,0,65234,12,JameelNooriNastaleeq,32,32,./CharacterImages/Nastaleeq/Size_12/Batch_0/Character_65234.jpg,Black,White,Center,20,30
ﻓ,0,65235,12,JameelNooriNastaleeq,32,32,./CharacterImages/Nastaleeq/Size_12/Batch_0/Character_65235.jpg,Black,White,Center,11,30
ﻔ,0,65236,12,JameelNooriNastaleeq,32,32,./CharacterImages/Nastaleeq/Size_12/Batch_0/Character_65236.jpg,Black,White,Center,11,30
ﻕ,0,65237,12,JameelNooriNastaleeq,32,32,./CharacterImages/Nastaleeq/Size_12/Batch_0/Character_65237.jpg,Black,White,Center,16,30
ﻖ,0,65238,12,JameelNooriNastaleeq,32,32,./CharacterImages/Nastaleeq/Size_12/Batch_0/Character_65238.jpg,Black,White,Center,16,30
ﻗ,0,65239,12,JameelNooriNastaleeq,32,32,./CharacterImages/Nastaleeq/Size_12/Batch_0/Character_65239.jpg,Black,White,Center,11,30
ﻘ,0,65240,12,JameelNooriNastaleeq,32,32,./CharacterImages/Nastaleeq/Size_12/Batch_0/Character_65240.jpg,Black,White,Center,11,30
ﻙ,0,65241,12,JameelNooriNastaleeq,32,32,./CharacterImages/Nastaleeq/Size_12/Batch_0/Character_65241.jpg,Black,White,Center,17,30
ﻚ,0,65242,12,JameelNooriNastaleeq,32,32,./CharacterImages/Nastaleeq/Size_12/Batch_0/Character_65242.jpg,Black,White,Center,17,30
ﻛ,0,65243,12,JameelNooriNastaleeq,32,32,./CharacterImages/Nastaleeq/Size_12/Batch_0/Character_65243.jpg,Black,White,Center,13,30
ﻜ,0,65244,12,JameelNooriNastaleeq,32,32,./CharacterImages/Nastaleeq/Size_12/Batch_0/Character_65244.jpg,Black,White,Center,13,30
ﻝ,0,65245,12,JameelNooriNastaleeq,32,32,./CharacterImages/Nastaleeq/Size_12/Batch_0/Character_65245.jpg,Black,White,Center,15,30
ﻞ,0,65246,12,JameelNooriNastaleeq,32,32,./CharacterImages/Nastaleeq/Size_12/Batch_0/Character_65246.jpg,Black,White,Center,15,30
ﻟ,0,65247,12,JameelNooriNastaleeq,32,32,./CharacterImages/Nastaleeq/Size_12/Batch_0/Character_65247.jpg,Black,White,Center,10,30
ﻠ,0,65248,12,JameelNooriNastaleeq,32,32,./CharacterImages/Nastaleeq/Size_12/Batch_0/Character_65248.jpg,Black,White,Center,10,30
ﻡ,0,65249,12,JameelNooriNastaleeq,32,32,./CharacterImages/Nastaleeq/Size_12/Batch_0/Character_65249.jpg,Black,White,Center,12,30
ﻢ,0,65250,12,JameelNooriNastaleeq,32,32,./CharacterImages/Nastaleeq/Size_12/Batch_0/Character_65250.jpg,Black,White,Center,12,30
ﻣ,0,65251,12,JameelNooriNastaleeq,32,32,./CharacterImages/Nastaleeq/Size_12/Batch_0/Character_65251.jpg,Black,White,Center,13,30
ﻤ,0,65252,12,JameelNooriNastaleeq,32,32,./CharacterImages/Nastaleeq/Size_12/Batch_0/Character_65252.jpg,Black,White,Center,13,30
ﻥ,0,65253,12,JameelNooriNastaleeq,32,32,./CharacterImages/Nastaleeq/Size_12/Batch_0/Character_65253.jpg,Black,White,Center,15,30
ﻦ,0,65254,12,JameelNooriNastaleeq,32,32,./CharacterImages/Nastaleeq/Size_12/Batch_0/Character_65254.jpg,Black,White,Center,15,30
ﻧ,0,65255,12,JameelNooriNastaleeq,32,32,./CharacterImages/Nastaleeq/Size_12/Batch_0/Character_65255.jpg,Black,White,Center,10,30
ﻨ,0,65256,12,JameelNooriNastaleeq,32,32,./CharacterImages/Nastaleeq/Size_12/Batch_0/Character_65256.jpg,Black,White,Center,10,30
ﻩ,0,65257,12,JameelNooriNastaleeq,32,32,./CharacterImages/Nastaleeq/Size_12/Batch_0/Character_65257.jpg,Black,White,Center,11,30
ﻪ,0,65258,12,JameelNooriNastaleeq,32,32,./CharacterImages/Nastaleeq/Size_12/Batch_0/Character_65258.jpg,Black,White,Center,13,30
ﻫ,0,65259,12,JameelNooriNastaleeq,32,32,./CharacterImages/Nastaleeq/Size_12/Batch_0/Character_65259.jpg,Black,White,Center,14,30
ﻬ,0,65260,12,JameelNooriNastaleeq,32,32,./CharacterImages/Nastaleeq/Size_12/Batch_0/Character_65260.jpg,Black,White,Center,13,30
ﻭ,0,65261,12,JameelNooriNastaleeq,32,32,./CharacterImages/Nastaleeq/Size_12/Batch_0/Character_65261.jpg,Black,White,Center,14,30
ﻮ,0,65262,12,JameelNooriNastaleeq,32,32,./CharacterImages/Nastaleeq/Size_12/Batch_0/Character_65262.jpg,Black,White,Center,14,30
ﻯ,0,65263,12,JameelNooriNastaleeq,32,32,./CharacterImages/Nastaleeq/Size_12/Batch_0/Character_65263.jpg,Black,White,Center,17,30
ﻰ,0,65264,12,JameelNooriNastaleeq,32,32,./CharacterImages/Nastaleeq/Size_12/Batch_0/Character_65264.jpg,Black,White,Center,17,30
ﻱ,0,65265,12,JameelNooriNastaleeq,32,32,./CharacterImages/Nastaleeq/Size_12/Batch_0/Character_65265.jpg,Black,White,Center,17,30
ﻲ,0,65266,12,JameelNooriNastaleeq,32,32,./CharacterImages/Nastaleeq/Size_12/Batch_0/Character_65266.jpg,Black,White,Center,17,30
ﻳ,0,65267,12,JameelNooriNastaleeq,32,32,./CharacterImages/Nastaleeq/Size_12/Batch_0/Character_65267.jpg,Black,White,Center,10,30
ﻴ,0,65268,12,JameelNooriNastaleeq,32,32,./CharacterImages/Nastaleeq/Size_12/Batch_0/Character_65268.jpg,Black,White,Center,10,30
ﮨ,0,64424,12,JameelNooriNastaleeq,32,32,./CharacterImages/Nastaleeq/Size_12/Batch_0/Character_64424.jpg,Black,White,Center,10,30
ﮩ,0,64425,12,JameelNooriNastaleeq,32,32,./CharacterImages/Nastaleeq/Size_12/Batch_0/Character_64425.jpg,Black,White,Center,15,30
ﮮ,0,64430,12,JameelNooriNastaleeq,32,32,./CharacterImages/Nastaleeq/Size_12/Batch_0/Character_64430.jpg,Black,White,Center,21,30
ﮯ,0,64431,12,JameelNooriNastaleeq,32,32,./CharacterImages/Nastaleeq/Size_12/Batch_0/Character_64431.jpg,Black,White,Center,21,30
ﮎ,0,64398,12,JameelNooriNastaleeq,32,32,./CharacterImages/Nastaleeq/Size_12/Batch_0/Character_64398.jpg,Black,White,Center,17,30
ﮏ,0,64399,12,JameelNooriNastaleeq,32,32,./CharacterImages/Nastaleeq/Size_12/Batch_0/Character_64399.jpg,Black,White,Center,17,30
ﮐ,0,64400,12,JameelNooriNastaleeq,32,32,./CharacterImages/Nastaleeq/Size_12/Batch_0/Character_64400.jpg,Black,White,Center,13,30
ﮑ,0,64401,12,JameelNooriNastaleeq,32,32,./CharacterImages/Nastaleeq/Size_12/Batch_0/Character_64401.jpg,Black,White,Center,13,30
ﮒ,0,64402,12,JameelNooriNastaleeq,32,32,./CharacterImages/Nastaleeq/Size_12/Batch_0/Character_64402.jpg,Black,White,Center,17,30
ﮓ,0,64403,12,JameelNooriNastaleeq,32,32,./CharacterImages/Nastaleeq/Size_12/Batch_0/Character_64403.jpg,Black,White,Center,17,30
ﮔ,0,64404,12,JameelNooriNastaleeq,32,32,./CharacterImages/Nastaleeq/Size_12/Batch_0/Character_64404.jpg,Black,White,Center,13,30
ﮕ,0,64405,12,JameelNooriNastaleeq,32,32,./CharacterImages/Nastaleeq/Size_12/Batch_0/Character_64405.jpg,Black,White,Center,13,30
ﭖ,0,64342,12,JameelNooriNastaleeq,32,32,./CharacterImages/Nastaleeq/Size_12/Batch_0/Character_64342.jpg,Black,White,Center,19,30
ﭗ,0,64343,12,JameelNooriNastaleeq,32,32,./CharacterImages/Nastaleeq/Size_12/Batch_0/Character_64343.jpg,Black,White,Center,19,30
ﭘ,0,64344,12,JameelNooriNastaleeq,32,32,./CharacterImages/Nastaleeq/Size_12/Batch_0/Character_64344.jpg,Black,White,Center,10,30
ﭙ,0,64345,12,JameelNooriNastaleeq,32,32,./CharacterImages/Nastaleeq/Size_12/Batch_0/Character_64345.jpg,Black,White,Center,10,30
ﭦ,0,64358,12,JameelNooriNastaleeq,32,32,./CharacterImages/Nastaleeq/Size_12/Batch_0/Character_64358.jpg,Black,White,Center,19,30
ﭧ,0,64359,12,JameelNooriNastaleeq,32,32,./CharacterImages/Nastaleeq/Size_12/Batch_0/Character_64359.jpg,Black,White,Center,19,30
ﭨ,0,64360,12,JameelNooriNastaleeq,32,32,./CharacterImages/Nastaleeq/Size_12/Batch_0/Character_64360.jpg,Black,White,Center,10,30
ﭩ,0,64361,12,JameelNooriNastaleeq,32,32,./CharacterImages/Nastaleeq/Size_12/Batch_0/Character_64361.jpg,Black,White,Center,10,30
ﭺ,0,64378,12,JameelNooriNastaleeq,32,32,./CharacterImages/Nastaleeq/Size_12/Batch_0/Character_64378.jpg,Black,White,Center,16,30
ﭻ,0,64379,12,JameelNooriNastaleeq,32,32,./CharacterImages/Nastaleeq/Size_12/Batch_0/Character_64379.jpg,Black,White,Center,16,30
ﭼ,0,64380,12,JameelNooriNastaleeq,32,32,./CharacterImages/Nastaleeq/Size_12/Batch_0/Character_64380.jpg,Black,White,Center,16,30
ﭽ,0,64381,12,JameelNooriNastaleeq,32,32,./CharacterImages/Nastaleeq/Size_12/Batch_0/Character_64381.jpg,Black,White,Center,16,30
ﮈ,0,64392,12,JameelNooriNastaleeq,32,32,./CharacterImages/Nastaleeq/Size_12/Batch_0/Character_64392.jpg,Black,White,Center,12,30
ﮉ,0,64393,12,JameelNooriNastaleeq,32,32,./CharacterImages/Nastaleeq/Size_12/Batch_0/Character_64393.jpg,Black,White,Center,12,30
ﮊ,0,64394,12,JameelNooriNastaleeq,32,32,./CharacterImages/Nastaleeq/Size_12/Batch_0/Character_64394.jpg,Black,White,Center,15,30
ﮋ,0,64395,12,JameelNooriNastaleeq,32,32,./CharacterImages/Nastaleeq/Size_12/Batch_0/Character_64395.jpg,Black,White,Center,15,30
ﮌ,0,64396,12,JameelNooriNastaleeq,32,32,./CharacterImages/Nastaleeq/Size_12/Batch_0/Character_64396.jpg,Black,White,Center,15,30
ﮍ,0,64397,12,JameelNooriNastaleeq,32,32,./CharacterImages/Nastaleeq/Size_12/Batch_0/Character_64397.jpg,Black,White,Center,15,30
ﮞ,0,64414,12,JameelNooriNastaleeq,32,32,./CharacterImages/Nastaleeq/Size_12/Batch_0/Character_64414.jpg,Black,White,Center,15,30
ﮟ,0,64415,12,JameelNooriNastaleeq,32,32,./CharacterImages/Nastaleeq/Size_12/Batch_0/Character_64415.jpg,Black,White,Center,15,30
A,3452,65,12,JameelNooriNastaleeq,32,32,./CharacterImages/Nastaleeq/Size_12/Batch_0/Character_65.jpg,Black,White,Center,18,30
B,1345,66,12,JameelNooriNastaleeq,32,32,./CharacterImages/Nastaleeq/Size_12/Batch_0/Character_66.jpg,Black,White,Center,17,30
C,2263,67,12,JameelNooriNastaleeq,32,32,./CharacterImages/Nastaleeq/Size_12/Batch_0/Character_67.jpg,Black,White,Center,17,30
D,1420,68,12,JameelNooriNastaleeq,32,32,./CharacterImages/Nastaleeq/Size_12/Batch_0/Character_68.jpg,Black,White,Center,18,30
E,1473,69,12,JameelNooriNastaleeq,32,32,./CharacterImages/Nastaleeq/Size_12/Batch_0/Character_69.jpg,Black,White,Center,16,30
F,1303,70,12,JameelNooriNastaleeq,32,32,./CharacterImages/Nastaleeq/Size_12/Batch_0/Character_70.jpg,Black,White,Center,15,30
G,1218,71,12,JameelNooriNastaleeq,32,32,./CharacterImages/Nastaleeq/Size_12/Batch_0/Character_71.jpg,Black,White,Center,18,30
H,833,72,12,JameelNooriNastaleeq,32,32,./CharacterImages/Nastaleeq/Size_12/Batch_0/Character_72.jpg,Black,White,Center,18,30
I,3185,73,12,JameelNooriNastaleeq,32,32,./CharacterImages/Nastaleeq/Size_12/Batch_0/Character_73.jpg,Black,White,Center,11,30
J,770,74,12,JameelNooriNastaleeq,32,32,./CharacterImages/Nastaleeq/Size_12/Batch_0/Character_74.jpg,Black,White,Center,12,30
K,1176,75,12,JameelNooriNastaleeq,32,32,./CharacterImages/Nastaleeq/Size_12/Batch_0/Character_75.jpg,Black,White,Center,18,30
L,1083,76,12,JameelNooriNastaleeq,32,32,./CharacterImages/Nastaleeq/Size_12/Batch_0/Character_76.jpg,Black,White,Center,16,30
M,1905,77,12,JameelNooriNastaleeq,32,32,./CharacterImages/Nastaleeq/Size_12/Batch_0/Character_77.jpg,Black,White,Center,20,30
N,1343,78,12,JameelNooriNastaleeq,32,32,./CharacterImages/Nastaleeq/Size_12/Batch_0/Character_78.jpg,Black,White,Center,18,30
O,1109,79,12,JameelNooriNastaleeq,32,32,./CharacterImages/Nastaleeq/Size_12/Batch_0/Character_79.jpg,Black,White,Center,18,30
P,2482,80,12,JameelNooriNastaleeq,32,32,./CharacterImages/Nastaleeq/Size_12/Batch_0/Character_80.jpg,Black,White,Center,15,30
Q,159,81,12,JameelNooriNastaleeq,32,32,./CharacterImages/Nastaleeq/Size_12/Batch_0/Character_81.jpg,Black,White,Center,18,30
R,1409,82,12,JameelNooriNastaleeq,32,32,./CharacterImages/Nastaleeq/Size_12/Batch_0/Character_82.jpg,Black,White,Center,17,30
S,2518,83,12,JameelNooriNastaleeq,32,32,./CharacterImages/Nastaleeq/Size_12/Batch_0/Character_83.jpg,Black,White,Center,15,30
T,1759,84,12,JameelNooriNastaleeq,32,32,./CharacterImages/Nastaleeq/Size_12/Batch_0/Character_84.jpg,Black,White,Center,16,30
U,530,85,12,JameelNooriNastaleeq,32,32,./CharacterImages/Nastaleeq/Size_12/Batch_0/Character_85.jpg,Black,White,Center,18,30
V,816,86,12,JameelNooriNastaleeq,32,32,./CharacterImages/Nastaleeq/Size_12/Batch_0/Character_86.jpg,Black,White,Center,18,30
W,504,87,12,JameelNooriNastaleeq,32,32,./CharacterImages/Nastaleeq/Size_12/Batch_0/Character_87.jpg,Black,White,Center,21,30
X,375,88,12,JameelNooriNastaleeq,32,32,./CharacterImages/Nastaleeq/Size_12/Batch_0/Character_88.jpg,Black,White,Center,18,30
Y,268,89,12,JameelNooriNastaleeq,32,32,./CharacterImages/Nastaleeq/Size_12/Batch_0/Character_89.jpg,Black,White,Center,18,30
Z,219,90,12,JameelNooriNastaleeq,32,32,./CharacterImages/Nastaleeq/Size_12/Batch_0/Character_90.jpg,Black,White,Center,16,30
a,10275,97,12,JameelNooriNastaleeq,32,32,./CharacterImages/Nastaleeq/Size_12/Batch_0/Character_97.jpg,Black,White,Center,13,30
b,1424,98,12,JameelNooriNastaleeq,32,32,./CharacterImages/Nastaleeq/Size_12/Batch_0/Character_98.jpg,Black,White,Center,14,30
c,2788,99,12,JameelNooriNastaleeq,32,32,./CharacterImages/Nastaleeq/Size_12/Batch_0/Character_99.jpg,Black,White,Center,13,30
d,3025,100,12,JameelNooriNastaleeq,32,32,./CharacterImages/Nastaleeq/Size_12/Batch_0/Character_100.jpg,Black,White,Center,14,30
e,9888,101,12,JameelNooriNastaleeq,32,32,./CharacterImages/Nastaleeq/Size_12/Batch_0/Character_101.jpg,Black,White,Center,13,30
f,1643,102,12,JameelNooriNastaleeq,32,32,./CharacterImages/Nastaleeq/Size_12/Batch_0/Character_102.jpg,Black,White,Center,11,30
g,1856,103,12,JameelNooriNastaleeq,32,32,./CharacterImages/Nastaleeq/Size_12/Batch_0/Character_103.jpg,Black,White,Center,14,30
h,4021,104,12,JameelNooriNastaleeq,32,32,./CharacterImages/Nastaleeq/Size_12/Batch_0/Character_104.jpg,Black,White,Center,14,30
i,7883,105,12,JameelNooriNastaleeq,32,32,./CharacterImages/Nastaleeq/Size_12/Batch_0/Character_105.jpg,Black,White,Center,10,30
j,235,106,12,JameelNooriNastaleeq,32,32,./CharacterImages/Nastaleeq/Size_12/Batch_0/Character_106.jpg,Black,White,Center,10,30
k,1391,107,12,JameelNooriNastaleeq,32,32,./CharacterImages/Nastaleeq/Size_12/Batch_0/Character_107.jpg,Black,White,Center,14,30
l,4231,108,12,JameelNooriNastaleeq,32,32,./CharacterImages/Nastaleeq/Size_12/Batch_0/Character_108.jpg,Black,White,Center,10,30
m,2896,109,12,JameelNooriNastaleeq,32,32,./CharacterImages/Nastaleeq/Size_12/Batch_0/Character_109.jpg,Black,White,Center,19,30
n,7098,110,12,JameelNooriNastaleeq,32,32,./CharacterImages/Nastaleeq/Size_12/Batch_0/Character_110.jpg,Black,White,Center,14,30
o,6911,111,12,JameelNooriNastaleeq,32,32,./CharacterImages/Nastaleeq/Size_12/Batch_0/Character_111.jpg,Black,White,Center,14,30
p,2272,112,12,JameelNooriNastaleeq,32,32,./CharacterImages/Nastaleeq/Size_12/Batch_0/Character_112.jpg,Black,White,Center,14,30
q,125,113,12,JameelNooriNastaleeq,32,32,./CharacterImages/Nastaleeq/Size_12/Batch_0/Character_113.jpg,Black,White,Center,14,30
r,6198,114,12,JameelNooriNastaleeq,32,32,./CharacterImages/Nastaleeq/Size_12/Batch_0/Character_114.jpg,Black,White,Center,11,30
s,5445,115,12,JameelNooriNastaleeq,32,32,./CharacterImages/Nastaleeq/Size_12/Batch_0/Character_115.jpg,Black,White,Center,12,30
t,6303,116,12,JameelNooriNastaleeq,32,32,./CharacterImages/Nastaleeq/Size_12/Batch_0/Character_116.jpg,Black,White,Center,10,30
u,3006,117,12,JameelNooriNastaleeq,32,32,./CharacterImages/Nastaleeq/Size_12/Batch_0/Character_117.jpg,Black,White,Center,14,30
v,1107,118,12,JameelNooriNastaleeq,32,32,./CharacterImages/Nastaleeq/Size_12/Batch_0/Character_118.jpg,Black,White,Center,14,30
w,1366,119,12,JameelNooriNastaleeq,32,32,./CharacterImages/Nastaleeq/Size_12/Batch_0/Character_119.jpg,Black,White,Center,18,30
x,366,120,12,JameelNooriNastaleeq,32,32,./CharacterImages/Nastaleeq/Size_12/Batch_0/Character_120.jpg,Black,White,Center,14,30
y,2107,121,12,JameelNooriNastaleeq,32,32,./CharacterImages/Nastaleeq/Size_12/Batch_0/Character_121.jpg,Black,White,Center,14,30
z,443,122,12,JameelNooriNastaleeq,32,32,./CharacterImages/Nastaleeq/Size_12/Batch_0/Character_122.jpg,Black,White,Center,13,30
!,2486,33,12,JameelNooriNastaleeq,32,32,./CharacterImages/Nastaleeq/Size_12/Batch_0/Character_33.jpg,Black,White,Center,11,30
',57258,39,12,JameelNooriNastaleeq,32,32,./CharacterImages/Nastaleeq/Size_12/Batch_0/Character_39.jpg,Black,White,Center,9,30
(,361670,40,12,JameelNooriNastaleeq,32,32,./CharacterImages/Nastaleeq/Size_12/Batch_0/Character_40.jpg,Black,White,Center,11,30
),365471,41,12,JameelNooriNastaleeq,32,32,./CharacterImages/Nastaleeq/Size_12/Batch_0/Character_41.jpg,Black,White,Center,11,30
_,516,95,12,JameelNooriNastaleeq,32,32,./CharacterImages/Nastaleeq/Size_12/Batch_0/Character_95.jpg,Black,White,Center,14,30
{,16,123,12,JameelNooriNastaleeq,32,32,./CharacterImages/Nastaleeq/Size_12/Batch_0/Character_123.jpg,Black,White,Center,14,30
},1,125,12,JameelNooriNastaleeq,32,32,./CharacterImages/Nastaleeq/Size_12/Batch_0/Character_125.jpg,Black,White,Center,14,30
",",0,44,12,JameelNooriNastaleeq,32,32,./CharacterImages/Nastaleeq/Size_12/Batch_0/Character_44.jpg,Black,White,Center,10,30
-,0,45,12,JameelNooriNastaleeq,32,32,./CharacterImages/Nastaleeq/Size_12/Batch_0/Character_45.jpg,Black,White,Center,11,30
.,0,46,12,JameelNooriNastaleeq,32,32,./CharacterImages/Nastaleeq/Size_12/Batch_0/Character_46.jpg,Black,White,Center,10,30
:,0,58,12,JameelNooriNastaleeq,32,32,./CharacterImages/Nastaleeq/Size_12/Batch_0/Character_58.jpg,Black,White,Center,10,30
;,0,59,12,JameelNooriNastaleeq,32,32,./CharacterImages/Nastaleeq/Size_12/Batch_0/Character_59.jpg,Black,White,Center,10,30
?,0,63,12,JameelNooriNastaleeq,32,32,./CharacterImages/Nastaleeq/Size_12/Batch_0/Character_63.jpg,Black,White,Center,13,30
۔,0,1748,12,JameelNooriNastaleeq,32,32,./CharacterImages/Nastaleeq/Size_12/Batch_0/Character_1748.jpg,Black,White,Center,12,30
؟,0,1567,12,JameelNooriNastaleeq,32,32,./CharacterImages/Nastaleeq/Size_12/Batch_0/Character_1567.jpg,Black,White,Center,12,30
؛,0,1563,12,JameelNooriNastaleeq,32,32,./CharacterImages/Nastaleeq/Size_12/Batch_0/Character_1563.jpg,Black,White,Center,10,30
،,0,1548,12,JameelNooriNastaleeq,32,32,./CharacterImages/Nastaleeq/Size_12/Batch_0/Character_1548.jpg,Black,White,Center,10,30
ـ,0,1600,12,JameelNooriNastaleeq,32,32,./CharacterImages/Nastaleeq/Size_12/Batch_0/Character_1600.jpg,Black,White,Center,10,30
٠,0,1632,12,JameelNooriNastaleeq,32,32,./CharacterImages/Nastaleeq/Size_12/Batch_0/Character_1632.jpg,Black,White,Center,16,30
١,0,1633,12,JameelNooriNastaleeq,32,32,./CharacterImages/Nastaleeq/Size_12/Batch_0/Character_1633.jpg,Black,White,Center,16,30
٢,0,1634,12,JameelNooriNastaleeq,32,32,./CharacterImages/Nastaleeq/Size_12/Batch_0/Character_1634.jpg,Black,White,Center,16,30
٣,0,1635,12,JameelNooriNastaleeq,32,32,./CharacterImages/Nastaleeq/Size_12/Batch_0/Character_1635.jpg,Black,White,Center,16,30
٤,0,1636,12,JameelNooriNastaleeq,32,32,./CharacterImages/Nastaleeq/Size_12/Batch_0/Character_1636.jpg,Black,White,Center,16,30
٥,0,1637,12,JameelNooriNastaleeq,32,32,./CharacterImages/Nastaleeq/Size_12/Batch_0/Character_1637.jpg,Black,White,Center,16,30
٦,0,1638,12,JameelNooriNastaleeq,32,32,./CharacterImages/Nastaleeq/Size_12/Batch_0/Character_1638.jpg,Black,White,Center,16,30
٧,0,1639,12,JameelNooriNastaleeq,32,32,./CharacterImages/Nastaleeq/Size_12/Batch_0/Character_1639.jpg,Black,White,Center,16,30
٨,0,1640,12,JameelNooriNastaleeq,32,32,./CharacterImages/Nastaleeq/Size_12/Batch_0/Character_1640.jpg,Black,White,Center,16,30
٩,0,1641,12,JameelNooriNastaleeq,32,32,./CharacterImages/Nastaleeq/Size_12/Batch_0/Character_1641.jpg,Black,White,Center,16,30
۰,0,1776,12,JameelNooriNastaleeq,32,32,./CharacterImages/Nastaleeq/Size_12/Batch_0/Character_1776.jpg,Black,White,Center,12,30
۱,347,1777,12,JameelNooriNastaleeq,32,32,./CharacterImages/Nastaleeq/Size_12/Batch_0/Character_1777.jpg,Black,White,Center,10,30
۲,0,1778,12,JameelNooriNastaleeq,32,32,./CharacterImages/Nastaleeq/Size_12/Batch_0/Character_1778.jpg,Black,White,Center,12,30
۳,0,1779,12,JameelNooriNastaleeq,32,32,./CharacterImages/Nastaleeq/Size_12/Batch_0/Character_1779.jpg,Black,White,Center,13,30
۴,0,1780,12,JameelNooriNastaleeq,32,32,./CharacterImages/Nastaleeq/Size_12/Batch_0/Character_1780.jpg,Black,White,Center,13,30
۵,0,1781,12,JameelNooriNastaleeq,32,32,./CharacterImages/Nastaleeq/Size_12/Batch_0/Character_1781.jpg,Black,White,Center,13,30
۶,0,1782,12,JameelNooriNastaleeq,32,32,./CharacterImages/Nastaleeq/Size_12/Batch_0/Character_1782.jpg,Black,White,Center,12,30
۷,0,1783,12,JameelNooriNastaleeq,32,32,./CharacterImages/Nastaleeq/Size_12/Batch_0/Character_1783.jpg,Black,White,Center,14,30
۸,0,1784,12,JameelNooriNastaleeq,32,32,./CharacterImages/Nastaleeq/Size_12/Batch_0/Character_1784.jpg,Black,White,Center,13,30
۹,0,1785,12,JameelNooriNastaleeq,32,32,./CharacterImages/Nastaleeq/Size_12/Batch_0/Character_1785.jpg,Black,White,Center,11,30
0,398751,48,12,JameelNooriNastaleeq,32,32,./CharacterImages/Nastaleeq/Size_12/Batch_0/Character_48.jpg,Black,White,Center,14,30
1,442180,49,12,JameelNooriNastaleeq,32,32,./CharacterImages/Nastaleeq/Size_12/Batch_0/Character_49.jpg,Black,White,Center,14,30
2,395845,50,12,JameelNooriNastaleeq,32,32,./CharacterImages/Nastaleeq/Size_12/Batch_0/Character_50.jpg,Black,White,Center,14,30
3,190372,51,12,JameelNooriNastaleeq,32,32,./CharacterImages/Nastaleeq/Size_12/Batch_0/Character_51.jpg,Black,White,Center,14,30
4,162328,52,12,JameelNooriNastaleeq,32,32,./CharacterImages/Nastaleeq/Size_12/Batch_0/Character_52.jpg,Black,White,Center,14,30
5,196881,53,12,JameelNooriNastaleeq,32,32,./CharacterImages/Nastaleeq/Size_12/Batch_0/Character_53.jpg,Black,White,Center,14,30
6,135080,54,12,JameelNooriNastaleeq,32,32,./CharacterImages/Nastaleeq/Size_12/Batch_0/Character_54.jpg,Black,White,Center,14,30
7,134815,55,12,JameelNooriNastaleeq,32,32,./CharacterImages/Nastaleeq/Size_12/Batch_0/Character_55.jpg,Black,White,Center,14,30
8,153965,56,12,JameelNooriNastaleeq,32,32,./CharacterImages/Nastaleeq/Size_12/Batch_0/Character_56.jpg,Black,White,Center,14,30
9,120412,57,12,JameelNooriNastaleeq,32,32,./CharacterImages/Nastaleeq/Size_12/Batch_0/Character_57.jpg,Black,White,Center,14,30
